text,true_emotion,predicted_emotion
@RevTrevK @Wolfman93011 @Daraidernation @EROCKhd Take 2k out of it the numbers on madden are low and have dropped and people are unhappy,anger,anger
@TrueAggieFan oh so that's where Brian was! Where was my invite? #offended,anger,anger
"I miss my gran singing Rawhide, in her deep baritone growl.",anger,sadness
@TrussElise Obama must be fuming.. lol,anger,joy
Sting is just too damn earnest for early morning listening. #sting,anger,anger
"[ @HedgehogDylan ] *she would frown a bit, folding her arms* 'why is it that every time I'm in need of assistance someone expects a lil **",anger,anger
Sorry guys I have absolutely no idea what time i'll be on cam tomorrow but will keep you posted. #fuming,anger,anger
@SSheil coincidentally watched Ulzana's Raid last night - brutally indignant filmmaking.,anger,anger
"Kik to trade, have fun or a conversation  (kik: youraffair) #kik #kikme #messageme #textme #pics #trade #tradepics #dm #snap #bored",anger,joy
#oow16 #sting decent new song,anger,joy
"@gayla_weeks1 I try not to let my anger seep into reviews, but I resent having my time wasted on books like that. Time is precious.",anger,anger
It's the most magical time of the year......Xmas party announced and the #outrage commences. Gotta love Silicon Valley millennials.,anger,anger
"@HomeSwapperteam  Spent months arranging swap , new jobs etc, now I've found out she's been leading me on a merry dance. #fuming with her",anger,anger
"@FluDino Event started! everyone is getting ready to travel to the lake of rage, where everything glows",anger,joy
"You're so thirsty for the chance to disagree w/ the left, that you don't even realize when something is an affront to your bigoted platform.",anger,anger
"Why to have vanity sizes?Now sizes S,XS(evenXXS sometimes) are too big, WTF?! Dear corporate jerks, Lithuania didn't need this. #rant #angry",anger,anger
"(Sam) Brown's Law: Never offend people with style when you can fake that, you have to break us in this Island.",anger,anger
Lol little things like that make me so angry x,anger,anger
"Me being on my dean really saving a lot of ppl, bc I don't snap nomore &amp; it take so much out of me..",anger,sadness
"@huwellwell One chosen by the CLP members! MP seats are not for people to dole out to their mates, we elect candidates. #fuming",anger,anger
Why upping rooms makes a few apprehend leaving out charcoal ownership: UnZU,fear,fear
Dunno y am going to the Yorkshire scare grounds when I only lasted a minute in the Alton towers one before running out a fire exit crying,fear,fear
"@ccrago It was dreadful, even after he met the Catfish he still thought it was her!",fear,sadness
Rooney shocking attempted cross,fear,anger
@AttentiAlGatto LOL! Why would it scare me? It doesn't make any sense at all but it doesn't scare me! {chuckles},fear,joy
Tweeting from the sporadic wifi on the tube ,fear,joy
@joey_coops yes Hun! Avoid at all costs!! #nightmare,fear,anger
That's an awful miss from Rooney.,fear,sadness
If my concerns &amp; anxiety don't matter to you then I shall return the favor. #EyeMatter,fear,anger
So about 18mths ago i signed up to @Lumo_Energy for their @VirginAustralia / Velocity FF deal. 18 months in still no FF points ,fear,anger
Bout ta get my @dontbreathe on up in here! @WarrenTheaters #nervous #icantholdmybreaththatlong,fear,fear
@joey_coops yes Hun! Avoid at all costs!! ,fear,anger
Not the best horror ever but I like that the uncertainty,fear,joy
@mikefreemanNFL \nIsn't OBrien supposed to be some sort of offensive genius ,fear,anger
T5ylw ansh a79l shy 7lw mn wayed nas fe whatsapp,fear,joy
Trying to book holiday flights on @britishairways website is becoming a ,fear,anger
I have been seeing terrible terrible prescriptions this week. What's going on?,fear,anger
"@madhav_pastey moral of the story, never check mails in the night. PS. Most notices have nothing much to worry about. @ashwinikn",fear,fear
"Really.....#Jumanji 2....w/ The Rock, Jack Black, and Kevin Hart...are you kidding me! WTF! #ThisIsATerribleIdea #horrible",fear,anger
The Apocalypse has hit our gym and it's  nothing what I thought it would be...\n\nEveryone is wearing vests! What if it's contagious? ,fear,fear
@billie21806 @cnnbrk tell that to your bodies cheering on the deaths of black people by cops. their fear is killing us.,joy,anger
@GigaFag @pipertownsend_ snapchat new would beg to differ ,joy,joy
"If yiu don't respond .o an email within 7 days, you willxbe killed by an animated gif of the girl froa The Ri.g.",joy,fear
Google caffeine-an sprightly lengthening into the corridor re seo: WgJ,joy,joy
@kwelbyroberts they will come and you will rejoice at their arrival.,joy,joy
How can l rule my mind !!!!!! \nIt's hilarious that you can't ðŸ˜­ðŸ˜‘ðŸ˜®,joy,joy
@harrietemmett great minds think alike. ,joy,joy
It feels good to get outside for a minute and get some fresh air.  It's hard to stay cooped up inside all day #breezy,joy,joy
@Communism_Kills i get the subway melt and make sure it's only hearty italian bread... black olives are a must though,joy,joy
4-2 Canada final tomorrow #WCH #Predictions #optimism #Canadian ðŸ‡¨ðŸ‡¦,joy,joy
Tutoring gives me such an exhilarating feeling. I love helping people ðŸ˜Œ,joy,joy
@yungdoujin wouldn't that basically be sparkling water,joy,joy
incredible that anthony weiner has been caught chasing a busty milkmaid across a park at double speed while jaunty music plays,joy,joy
I love my family so much #lucky #grateful #smartassfamily  #love,joy,joy
"Imagine how sad LA fans are gona be when they get eliminated...Man that's gonna be Nirvana, a religious experience rejoicing in their misery",joy,joy
Val reminds me of one of the cheerful witches that looks after Aurora in Disneyâ€™s Sleeping Beauty. #GBBO,joy,joy
"A cheerful heart is good medicine, but a broken spirit saps a person's strength.' {Proverbs 17:22} #WednesdayWisdom",joy,joy
@Bridget_Jones was joyous. Worried I would be disappointed. Most definitely was not. #chickflick #giggles #comethefuckonbridget,joy,joy
"I'm absolutely in love with Laurie Hernandez, she's so adorable and is always so cheerful!",joy,joy
@GameGrumps THANK YOU SO MUCH FOR COMING TO DETROIT I'm going to sob joyful rainbows now brb,joy,joy
@OHSOVICTORIOUS_ @FaZeAdapt We all seen it coming.. it's sad. But her Instagram comments on her pics are funny. Adapts fans blew it up ðŸ˜‚ðŸ˜‚ðŸ˜‚,sadness,joy
Season 3 and Charlie is still a prick! #lost,sadness,anger
"Before the year ends I'll probably get master 12s or flu games, true blues, and space jams.",sadness,joy
"A pessimist is someone who, when opportunity knocks, complains about the noise #mikeshumor",sadness,joy
"Don't be disheartened if you didn't get the cards you wanted, it's not the end of the world......E-Eh...? Y-You want me to cheer you up?",sadness,fear
On bedrest since I got out of the hospital. U find in unopened beer.. what do I do. Pour that shit out! No alcohol at all for me #sober,sadness,anger
watching this uni reveal is so depressing i miss stingrays :(,sadness,sadness
"We are about a little over an hour away! We will arrive soon, do not fret!",sadness,joy
Rooney is 5 yards off the pace in a League Cup game against Northampton Town. Let that sink in for a moment. #MUFC,sadness,anger
"MC: what are you listen to these days?\nBogum: these days I feel gloomy, I listen to ccm (spiritual song) often.\n\nChurch oppa mode. :)",sadness,joy
All I want to do is watch some netflix but I am stuck here in class. #depressing,sadness,sadness
"@CovinoandRich just heard back2back,  guess that's why they call it the blues &amp; she's got the look, but I can only sing tickle sacks version",sadness,joy
yesterday i finished watching penny dreadful and from all the beautiful things i saw one question remains: were the writers HIM's fans?,sadness,joy
"@KeithOlbermann depressing how despicable Trump, with no policies, campaigning on bigotry &amp; rancour can be so close, evil immoral disaster",sadness,anger
"@ccrago It was dreadful, even after he met the Catfish he still thought it was her!",sadness,sadness
amateur author Twitter might be the most depressing thing I've ever seen,sadness,sadness
Should of stayed in Dubai ðŸ˜ž,sadness,sadness
"@StaceyDavidson_ You're a thief and a liberal mope, investigated by the financial services board for theft of govt retirement funds. THIEF",sadness,anger
"Hello my dear friends, I will be back online this Friday night. I miss you! #sober #sobriety #recovery",sadness,joy
Public products: high downhearted price tag consumer survey sum and substance: OVth,sadness,sadness
